{
  "spots": [
    {
      "Name": "Tavern 29 Rooftop Bar",
      "Rating": "(4.4) ⭐⭐⭐⭐",
      "Contact": "0777922373",
      "Address": "11 Deveni Rajasinghe Mawatha, Kandy 20000",
      "Cover": "tavrin"
    },
    {
      "Name": "Slightly Chilled Lounge Bar and Restaurant",
      "Rating": "(4.2) ⭐⭐⭐⭐",
      "Contact": "0812238267",
      "Address": "Anagarika Dharmapala Mawatha, Kandy",
      "Cover": "slightly_chilled"
    },
    {
      "Name": "Victory Hotel & Bar",
      "Rating": "(3.8) ⭐⭐⭐",
      "Contact": "0813140100",
      "Address": "79 Colombo St, Kandy 20000",
      "Cover": "victory"
    },
    {
      "Name": "Ceyloni Lounge : Restaurant & Pub",
      "Rating": "(4.6) ⭐⭐⭐⭐",
      "Contact": "0812240400",
      "Address": "352/H Off Dhamaraja Mawatha, Kandy 20000",
      "Cover": "stag"
    },
    {
      "Name": "Old Trinitian's Sports Club",
      "Rating": "(5.0) ⭐⭐⭐⭐⭐",
      "Contact": "0812225850",
      "Address": "7JXM+QW4, Adahanamaluwa Rd, Kandy",
      "Cover": "trinity"
    },
    {
      "Name": "The Last Drop Restaurant",
      "Rating": "(4.8) ⭐⭐⭐⭐⭐",
      "Contact": "0812220002",
      "Address": "No. 37, Yatinuwara Street, 20000",
      "Cover": "lastdrop"
    },
    {
      "Name": "Hangout Late night",
      "Rating": "(5.0) ⭐⭐⭐⭐⭐",
      "Contact": "0812233454",
      "Address": "32D George E De Silva Mawatha, Kandy 20000",
      "Cover": "hangout"
    },
    {
      "Name": "Grill 'N' Chill Japanese BBQ",
      "Rating": "(4.7) ⭐⭐⭐⭐⭐",
      "Contact": "0812223355",
      "Address": "Rooftop, 475 Peradeniya Rd, Kandy 20000",
      "Cover": "chill"
    },
    {
      "Name": "six8one",
      "Rating": "(5.0) ⭐⭐⭐⭐⭐",
      "Contact": "0745698742",
      "Address": "681e Peradeniya Rd, Kandy 20000",
      "Cover": "sixninejpg"
    }

  ]
}
