{
  "project_info": {
    "project_number": "991171898488",
    "project_id": "kobar-e19fd",
    "storage_bucket": "kobar-e19fd.appspot.com"
  },
  "client": [
    {
      "client_info": {
        "mobilesdk_app_id": "1:991171898488:android:4368905ac9f5bc3424918d",
        "android_client_info": {
          "package_name": "com.example.kobar"
        }
      },
      "oauth_client": [
        {
          "client_id": "991171898488-28has5svdt6b7f6et7pho0pdrhfdvpoj.apps.googleusercontent.com",
          "client_type": 3
        }
      ],
      "api_key": [
        {
          "current_key": "AIzaSyCCS8JMXAyLHBWwjwZ5HQ0cZn8s36Da6EQ"
        }
      ],
      "services": {
        "appinvite_service": {
          "other_platform_oauth_client": [
            {
              "client_id": "991171898488-28has5svdt6b7f6et7pho0pdrhfdvpoj.apps.googleusercontent.com",
              "client_type": 3
            }
          ]
        }
      }
    }
  ],
  "configuration_version": "1"
}